rank,file,t_sec,score,U,A,D,n_boxes,n_ambiguous,empty,selected
1,frame_0126.jpg,50.4,0.7583,0.6126,1.0,0.76,7,6,False,True
2,frame_0070.jpg,28.0,0.7345,0.7689,0.5,1.0,4,3,False,True
3,frame_0291.jpg,116.4,0.7326,0.5292,1.0,0.84,6,6,False,True
4,frame_0031.jpg,12.4,0.7241,0.6482,0.6667,1.0,7,4,False,True
5,frame_0074.jpg,29.6,0.7197,0.6394,0.6667,1.0,6,4,False,False
6,frame_0129.jpg,51.6,0.6914,0.7308,0.5,0.88,6,3,False,False
7,frame_0302.jpg,120.8,0.6859,0.6117,1.0,0.4,6,6,False,True
8,frame_0284.jpg,113.6,0.6731,0.7221,0.6667,0.56,5,4,False,True
9,frame_0010.jpg,4.0,0.6685,0.837,0.1667,1.0,1,1,False,True
10,frame_0077.jpg,30.8,0.6553,0.5585,0.6667,0.88,7,4,False,True
11,frame_0387.jpg,154.8,0.653,0.6259,1.0,0.2,8,6,False,True
12,frame_0288.jpg,115.2,0.6472,0.7063,0.5,0.72,4,3,False,False
13,frame_0318.jpg,127.2,0.6371,0.6782,0.8333,0.24,7,5,False,True
14,frame_0004.jpg,1.6,0.6361,0.5723,0.5,1.0,3,3,False,True
15,frame_0069.jpg,27.6,0.6343,0.4685,0.6667,1.0,5,4,False,False
16,frame_0002.jpg,0.8,0.6333,0.4666,0.6667,1.0,5,4,False,False
17,frame_0007.jpg,2.8,0.6329,0.5658,0.5,1.0,5,3,False,False
18,frame_0276.jpg,110.4,0.6282,0.5604,1.0,0.24,9,6,False,True
19,frame_0073.jpg,29.2,0.6219,0.5438,0.5,1.0,6,3,False,False
20,frame_0024.jpg,9.6,0.6211,0.7422,0.1667,1.0,1,1,False,False
21,frame_0274.jpg,109.6,0.6139,0.7638,0.6667,0.16,7,4,False,False
22,frame_0067.jpg,26.8,0.6068,0.5136,0.5,1.0,8,3,False,False
23,frame_0170.jpg,68.0,0.6057,0.6194,0.6667,0.48,4,4,False,False
24,frame_0071.jpg,28.4,0.6049,0.5097,0.5,1.0,5,3,False,False
25,frame_0000.jpg,0.0,0.6018,0.4035,0.6667,1.0,5,4,False,False
26,frame_0375.jpg,150.0,0.5944,0.6088,0.8333,0.2,8,5,False,False
27,frame_0130.jpg,52.0,0.5933,0.6187,0.3333,0.92,3,2,False,False
28,frame_0015.jpg,6.0,0.5917,0.4835,0.5,1.0,4,3,False,False
29,frame_0127.jpg,50.8,0.5888,0.6577,0.3333,0.8,5,2,False,False
30,frame_0030.jpg,12.0,0.5887,0.4775,0.5,1.0,4,3,False,False
31,frame_0389.jpg,155.6,0.582,0.6161,0.8333,0.12,7,5,False,False
32,frame_0283.jpg,113.2,0.5787,0.5494,0.6667,0.52,5,4,False,False
33,frame_0306.jpg,122.4,0.5781,0.7602,0.5,0.24,7,3,False,False
34,frame_0198.jpg,79.2,0.575,0.874,0.1667,0.44,1,1,False,False
35,frame_0013.jpg,5.2,0.5733,0.4466,0.5,1.0,4,3,False,False
36,frame_0386.jpg,154.4,0.5727,0.5495,0.8333,0.24,8,5,False,False
37,frame_0114.jpg,45.6,0.5703,0.5286,0.8333,0.28,6,5,False,False
38,frame_0278.jpg,111.2,0.5702,0.6124,0.6667,0.32,6,4,False,False
39,frame_0075.jpg,30.0,0.5654,0.5468,0.3333,0.96,6,2,False,False
40,frame_0376.jpg,150.4,0.5644,0.8648,0.3333,0.16,6,2,False,False
41,frame_0097.jpg,38.8,0.5585,0.7849,0.5,0.08,3,3,False,False
42,frame_0384.jpg,153.6,0.5557,0.8474,0.3333,0.16,8,2,False,False
43,frame_0374.jpg,149.6,0.5544,0.6288,0.6667,0.2,7,4,False,False
44,frame_0027.jpg,10.8,0.5536,0.6071,0.1667,1.0,2,1,False,False
45,frame_0231.jpg,92.4,0.5529,0.6418,0.6667,0.16,7,4,False,False
46,frame_0115.jpg,46.0,0.5512,0.7745,0.3333,0.32,3,2,False,False
47,frame_0068.jpg,27.2,0.549,0.398,0.5,1.0,5,3,False,False
48,frame_0317.jpg,126.8,0.5477,0.7154,0.5,0.2,7,3,False,False
49,frame_0290.jpg,116.0,0.5422,0.4644,0.5,0.8,6,3,False,False
50,frame_0123.jpg,49.2,0.5419,0.5278,0.5,0.64,5,3,False,False
51,frame_0379.jpg,151.6,0.5393,0.4627,1.0,0.04,7,6,False,False
52,frame_0078.jpg,31.2,0.5376,0.4392,0.5,0.84,5,3,False,False
53,frame_0377.jpg,150.8,0.5364,0.6247,0.6667,0.12,9,4,False,False
54,frame_0079.jpg,31.6,0.5329,0.4458,0.5,0.8,7,3,False,False
55,frame_0122.jpg,48.8,0.5304,0.5209,0.5,0.6,3,3,False,False
56,frame_0275.jpg,110.0,0.5302,0.6805,0.5,0.2,6,3,False,False
57,frame_0124.jpg,49.6,0.5272,0.4824,0.5,0.68,5,3,False,False
58,frame_0033.jpg,13.2,0.5264,0.4528,0.3333,1.0,6,2,False,False
59,frame_0292.jpg,116.8,0.523,0.426,0.5,0.8,4,3,False,False
60,frame_0008.jpg,3.2,0.5217,0.5434,0.1667,1.0,3,1,False,False
61,frame_0029.jpg,11.6,0.5203,0.4406,0.3333,1.0,4,2,False,False
62,frame_0072.jpg,28.8,0.5174,0.4349,0.3333,1.0,5,2,False,False
63,frame_0208.jpg,83.2,0.5166,0.4291,0.5,0.76,3,3,False,False
64,frame_0028.jpg,11.2,0.5149,0.4298,0.3333,1.0,2,2,False,False
65,frame_0178.jpg,71.2,0.5127,0.6613,0.5,0.16,3,3,False,False
66,frame_0089.jpg,35.6,0.5116,0.4632,0.6667,0.4,5,4,False,False
67,frame_0016.jpg,6.4,0.5106,0.3212,0.5,1.0,5,3,False,False
68,frame_0168.jpg,67.2,0.51,0.4959,0.5,0.56,5,3,False,False
69,frame_0316.jpg,126.4,0.5026,0.5411,0.6667,0.16,8,4,False,False
70,frame_0020.jpg,8.0,0.5018,0.4037,0.3333,1.0,3,2,False,False
71,frame_0133.jpg,53.2,0.5018,0.4036,0.3333,1.0,7,2,False,False
72,frame_0095.jpg,38.0,0.4999,0.5357,0.6667,0.16,6,4,False,False
73,frame_0301.jpg,120.4,0.4988,0.5216,0.5,0.44,5,3,False,False
74,frame_0294.jpg,117.6,0.4981,0.5083,0.3333,0.72,5,2,False,False
75,frame_0298.jpg,119.2,0.4943,0.4647,0.5,0.56,5,3,False,False
76,frame_0279.jpg,111.6,0.4935,0.543,0.5,0.36,5,3,False,False
77,frame_0280.jpg,112.0,0.4929,0.5258,0.5,0.4,4,3,False,False
78,frame_0329.jpg,131.6,0.4926,0.6532,0.5,0.08,6,3,False,False
79,frame_0175.jpg,70.0,0.4912,0.5704,0.5,0.28,6,3,False,False
80,frame_0216.jpg,86.4,0.491,0.606,0.3333,0.44,3,2,False,False
81,frame_0169.jpg,67.6,0.4909,0.4739,0.5,0.52,5,3,False,False
82,frame_0214.jpg,85.6,0.4903,0.5726,0.3333,0.52,2,2,False,False
83,frame_0193.jpg,77.2,0.4886,0.4811,0.6667,0.24,6,4,False,False
84,frame_0295.jpg,118.0,0.4886,0.6051,0.1667,0.68,3,1,False,False
85,frame_0087.jpg,34.8,0.4877,0.5835,0.3333,0.48,3,2,False,False
86,frame_0209.jpg,83.6,0.4852,0.4825,0.3333,0.72,3,2,False,False
87,frame_0014.jpg,5.6,0.4827,0.3654,0.3333,1.0,4,2,False,False
88,frame_0131.jpg,52.4,0.479,0.374,0.3333,0.96,4,2,False,False
89,frame_0333.jpg,133.2,0.4787,0.5254,0.6667,0.08,6,4,False,False
90,frame_0305.jpg,122.0,0.478,0.444,0.6667,0.28,5,4,False,False
91,frame_0184.jpg,73.6,0.4755,0.519,0.6667,0.08,6,4,False,False
92,frame_0273.jpg,109.2,0.4726,0.5971,0.5,0.12,5,3,False,False
93,frame_0189.jpg,75.6,0.471,0.7101,0.3333,0.08,3,2,False,False
94,frame_0003.jpg,1.2,0.4695,0.339,0.3333,1.0,6,2,False,False
95,frame_0096.jpg,38.4,0.4682,0.5883,0.5,0.12,4,3,False,False
96,frame_0128.jpg,51.2,0.4671,0.3983,0.3333,0.84,7,2,False,False
97,frame_0225.jpg,90.0,0.4662,0.6004,0.5,0.08,7,3,False,False
98,frame_0183.jpg,73.2,0.4659,0.7158,0.3333,0.04,4,2,False,False
99,frame_0025.jpg,10.0,0.464,0.5279,0.0,1.0,2,0,False,False
100,frame_0018.jpg,7.2,0.4594,0.4187,0.1667,1.0,4,1,False,False
101,frame_0293.jpg,117.2,0.4584,0.3127,0.5,0.76,5,3,False,False
102,frame_0321.jpg,128.4,0.4584,0.4368,0.6667,0.2,6,4,False,False
103,frame_0186.jpg,74.4,0.4558,0.4955,0.6667,0.04,8,4,False,False
104,frame_0307.jpg,122.8,0.4554,0.5307,0.5,0.2,8,3,False,False
105,frame_0388.jpg,155.2,0.4535,0.5429,0.5,0.16,9,3,False,False
106,frame_0286.jpg,114.4,0.4526,0.5492,0.1667,0.64,5,1,False,False
107,frame_0098.jpg,39.2,0.4516,0.4872,0.6667,0.04,5,4,False,False
108,frame_0026.jpg,10.4,0.4507,0.3015,0.3333,1.0,4,2,False,False
109,frame_0023.jpg,9.2,0.4504,0.4007,0.1667,1.0,2,1,False,False
110,frame_0032.jpg,12.8,0.4439,0.3878,0.1667,1.0,5,1,False,False
111,frame_0210.jpg,84.0,0.442,0.412,0.3333,0.68,3,2,False,False
112,frame_0001.jpg,0.4,0.4389,0.3778,0.1667,1.0,6,1,False,False
113,frame_0094.jpg,37.6,0.4376,0.4953,0.5,0.2,4,3,False,False
114,frame_0220.jpg,88.0,0.4375,0.663,0.1667,0.28,3,1,False,False
115,frame_0021.jpg,8.4,0.4351,0.2703,0.3333,1.0,4,2,False,False
116,frame_0217.jpg,86.8,0.4331,0.6062,0.1667,0.4,1,1,False,False
117,frame_0330.jpg,132.0,0.4309,0.6459,0.3333,0.04,6,2,False,False
118,frame_0105.jpg,42.0,0.4305,0.429,0.6667,0.08,6,4,False,False
119,frame_0327.jpg,130.8,0.4297,0.7434,0.1667,0.04,8,1,False,False
120,frame_0277.jpg,110.8,0.4293,0.4466,0.5,0.28,6,3,False,False
121,frame_0205.jpg,82.0,0.4281,0.4682,0.1667,0.72,2,1,False,False
122,frame_0009.jpg,3.6,0.428,0.356,0.1667,1.0,2,1,False,False
123,frame_0287.jpg,114.8,0.4277,0.3834,0.3333,0.68,5,2,False,False
124,frame_0390.jpg,156.0,0.4267,0.5215,0.5,0.08,8,3,False,False
125,frame_0088.jpg,35.2,0.4217,0.4674,0.3333,0.44,4,2,False,False
126,frame_0006.jpg,2.4,0.4212,0.3423,0.1667,1.0,3,1,False,False
127,frame_0315.jpg,126.0,0.4207,0.4933,0.5,0.12,7,3,False,False
128,frame_0173.jpg,69.2,0.4203,0.4966,0.3333,0.36,5,2,False,False
129,frame_0111.jpg,44.4,0.4175,0.6709,0.1667,0.16,2,1,False,False
130,frame_0176.jpg,70.4,0.4175,0.439,0.5,0.24,6,3,False,False
131,frame_0221.jpg,88.4,0.4168,0.4377,0.5,0.24,3,3,False,False
132,frame_0080.jpg,32.0,0.4156,0.3272,0.3333,0.76,6,2,False,False
133,frame_0367.jpg,146.8,0.415,0.398,0.6667,0.08,8,4,False,False
134,frame_0121.jpg,48.4,0.4131,0.5021,0.1667,0.56,4,1,False,False
135,frame_0218.jpg,87.2,0.413,0.582,0.1667,0.36,3,1,False,False
136,frame_0320.jpg,128.0,0.4123,0.4286,0.5,0.24,6,3,False,False
137,frame_0120.jpg,48.0,0.4118,0.4156,0.3333,0.52,4,2,False,False
138,frame_0005.jpg,2.0,0.4109,0.3217,0.1667,1.0,4,1,False,False
139,frame_0328.jpg,131.2,0.4108,0.4896,0.5,0.08,9,3,False,False
140,frame_0167.jpg,66.8,0.41,0.48,0.1667,0.6,5,1,False,False
141,frame_0319.jpg,127.6,0.4098,0.4076,0.5,0.28,8,3,False,False
142,frame_0378.jpg,151.2,0.4072,0.4824,0.5,0.08,9,3,False,False
143,frame_0125.jpg,50.0,0.4055,0.323,0.3333,0.72,5,2,False,False
144,frame_0100.jpg,40.0,0.4049,0.4938,0.5,0.04,5,3,False,False
145,frame_0019.jpg,7.6,0.3999,0.2997,0.1667,1.0,3,1,False,False
146,frame_0289.jpg,115.6,0.3999,0.3957,0.1667,0.76,5,1,False,False
147,frame_0398.jpg,159.2,0.3997,0.5034,0.3333,0.24,7,2,False,False
148,frame_0219.jpg,87.6,0.3972,0.4665,0.3333,0.32,3,2,False,False
149,frame_0308.jpg,123.2,0.394,0.424,0.5,0.16,5,3,False,False
150,frame_0383.jpg,153.2,0.3938,0.4396,0.5,0.12,6,3,False,False
151,frame_0229.jpg,91.6,0.3936,0.4552,0.5,0.08,9,3,False,False
152,frame_0303.jpg,121.2,0.3934,0.4429,0.3333,0.36,5,2,False,False
153,frame_0396.jpg,158.4,0.3922,0.5205,0.3333,0.16,7,2,False,False
154,frame_0300.jpg,120.0,0.3872,0.3825,0.3333,0.48,5,2,False,False
155,frame_0381.jpg,152.4,0.3865,0.457,0.5,0.04,6,3,False,False
156,frame_0297.jpg,118.8,0.3864,0.3329,0.3333,0.6,5,2,False,False
157,frame_0083.jpg,33.2,0.3861,0.3163,0.3333,0.64,3,2,False,False
158,frame_0076.jpg,30.4,0.3815,0.295,0.1667,0.92,5,1,False,False
159,frame_0093.jpg,37.2,0.3813,0.5666,0.1667,0.24,1,1,False,False
160,frame_0081.jpg,32.4,0.3805,0.2731,0.3333,0.72,4,2,False,False
161,frame_0132.jpg,52.8,0.378,0.3561,0.0,1.0,4,0,False,False
162,frame_0207.jpg,82.8,0.3772,0.3343,0.1667,0.8,2,1,False,False
163,frame_0224.jpg,89.6,0.3756,0.6032,0.1667,0.12,4,1,False,False
164,frame_0108.jpg,43.2,0.375,0.4341,0.5,0.04,4,3,False,False
165,frame_0299.jpg,119.6,0.3736,0.4392,0.1667,0.52,4,1,False,False
166,frame_0368.jpg,147.2,0.3734,0.4307,0.5,0.04,7,3,False,False
167,frame_0271.jpg,108.4,0.3733,0.5307,0.3333,0.04,3,2,False,False
168,frame_0285.jpg,114.0,0.3732,0.4063,0.1667,0.6,5,1,False,False
169,frame_0011.jpg,4.4,0.3727,0.2454,0.1667,1.0,3,1,False,False
170,frame_0104.jpg,41.6,0.3718,0.3955,0.5,0.12,5,3,False,False
171,frame_0103.jpg,41.2,0.3716,0.3791,0.5,0.16,4,3,False,False
172,frame_0179.jpg,71.6,0.3711,0.3943,0.5,0.12,6,3,False,False
173,frame_0022.jpg,8.8,0.3687,0.2373,0.1667,1.0,3,1,False,False
174,frame_0268.jpg,107.2,0.3673,0.4026,0.5,0.08,6,3,False,False
175,frame_0106.jpg,42.4,0.3669,0.5178,0.3333,0.04,6,2,False,False
176,frame_0177.jpg,70.8,0.3655,0.4511,0.3333,0.2,5,2,False,False
177,frame_0185.jpg,74.0,0.3654,0.4989,0.3333,0.08,7,2,False,False
178,frame_0090.jpg,36.0,0.3641,0.4841,0.1667,0.36,4,1,False,False
179,frame_0117.jpg,46.8,0.3624,0.4647,0.1667,0.4,4,1,False,False
180,frame_0397.jpg,158.8,0.3595,0.5389,0.1667,0.2,7,1,False,False
181,frame_0211.jpg,84.4,0.3573,0.3585,0.1667,0.64,2,1,False,False
182,frame_0310.jpg,124.0,0.3536,0.3752,0.5,0.08,4,3,False,False
183,frame_0230.jpg,92.0,0.3523,0.5565,0.1667,0.12,10,1,False,False
184,frame_0394.jpg,157.6,0.3523,0.3726,0.5,0.08,5,3,False,False
185,frame_0296.jpg,118.4,0.3518,0.4475,0.0,0.64,5,0,False,False
186,frame_0314.jpg,125.6,0.3518,0.3717,0.5,0.08,5,3,False,False
187,frame_0385.jpg,154.0,0.3486,0.4172,0.3333,0.2,8,2,False,False
188,frame_0222.jpg,88.8,0.3468,0.3137,0.5,0.2,4,3,False,False
189,frame_0371.jpg,148.4,0.3459,0.4598,0.3333,0.08,4,2,False,False
190,frame_0086.jpg,34.4,0.3451,0.2823,0.3333,0.52,5,2,False,False
191,frame_0201.jpg,80.4,0.3429,0.3618,0.1667,0.56,2,1,False,False
192,frame_0204.jpg,81.6,0.3422,0.3123,0.1667,0.68,2,1,False,False
193,frame_0017.jpg,6.8,0.3421,0.2842,0.0,1.0,5,0,False,False
194,frame_0373.jpg,149.2,0.3408,0.4177,0.3333,0.16,7,2,False,False
195,frame_0085.jpg,34.0,0.3391,0.3542,0.1667,0.56,2,1,False,False
196,frame_0309.jpg,123.6,0.3357,0.4235,0.3333,0.12,4,2,False,False
197,frame_0399.jpg,159.6,0.3349,0.3578,0.3333,0.28,4,2,False,False
198,frame_0116.jpg,46.4,0.3335,0.5229,0.0,0.36,4,0,False,False
199,frame_0281.jpg,112.4,0.3329,0.3898,0.1667,0.44,3,1,False,False
200,frame_0203.jpg,81.2,0.3308,0.3055,0.1667,0.64,3,1,False,False
201,frame_0304.jpg,121.6,0.3305,0.433,0.1667,0.32,6,1,False,False
202,frame_0195.jpg,78.0,0.3268,0.3256,0.3333,0.32,4,2,False,False
203,frame_0269.jpg,107.6,0.3268,0.4377,0.3333,0.04,4,2,False,False
204,frame_0272.jpg,108.8,0.3264,0.4208,0.3333,0.08,3,2,False,False
205,frame_0174.jpg,69.6,0.3255,0.4229,0.1667,0.32,4,1,False,False
206,frame_0332.jpg,132.8,0.3249,0.4339,0.3333,0.04,6,2,False,False
207,frame_0200.jpg,80.0,0.3237,0.3394,0.1667,0.52,2,1,False,False
208,frame_0233.jpg,93.2,0.3224,0.4487,0.1667,0.24,5,1,False,False
209,frame_0313.jpg,125.2,0.3221,0.5282,0.1667,0.04,2,1,False,False
210,frame_0091.jpg,36.4,0.3202,0.4123,0.1667,0.32,2,1,False,False
211,frame_0232.jpg,92.8,0.3193,0.4586,0.1667,0.2,4,1,False,False
212,frame_0084.jpg,33.6,0.3191,0.3981,0.0,0.6,3,0,False,False
213,frame_0391.jpg,156.4,0.3189,0.4218,0.3333,0.04,7,2,False,False
214,frame_0194.jpg,77.6,0.318,0.324,0.3333,0.28,6,2,False,False
215,frame_0012.jpg,4.8,0.3095,0.219,0.0,1.0,4,0,False,False
216,frame_0181.jpg,72.4,0.3083,0.4007,0.3333,0.04,5,2,False,False
217,frame_0113.jpg,45.2,0.3054,0.3148,0.3333,0.24,5,2,False,False
218,frame_0228.jpg,91.2,0.3054,0.3949,0.3333,0.04,5,2,False,False
219,frame_0192.jpg,76.8,0.3015,0.323,0.3333,0.2,4,2,False,False
220,frame_0215.jpg,86.0,0.3015,0.3109,0.1667,0.48,4,1,False,False
221,frame_0118.jpg,47.2,0.2977,0.3194,0.1667,0.44,4,1,False,False
222,frame_0226.jpg,90.4,0.2966,0.4771,0.1667,0.04,4,1,False,False
223,frame_0370.jpg,148.0,0.2954,0.3748,0.3333,0.04,6,2,False,False
224,frame_0202.jpg,80.8,0.2906,0.2412,0.1667,0.6,4,1,False,False
225,frame_0082.jpg,32.8,0.2897,0.2074,0.1667,0.68,4,1,False,False
226,frame_0395.jpg,158.0,0.2893,0.3306,0.3333,0.12,5,2,False,False
227,frame_0171.jpg,68.4,0.2863,0.2966,0.1667,0.44,4,1,False,False
228,frame_0196.jpg,78.4,0.2789,0.3137,0.1667,0.36,2,1,False,False
229,frame_0282.jpg,112.8,0.2774,0.3628,0.0,0.48,4,0,False,False
230,frame_0267.jpg,106.8,0.276,0.3041,0.3333,0.12,4,2,False,False
231,frame_0180.jpg,72.0,0.2743,0.3167,0.3333,0.08,5,2,False,False
232,frame_0172.jpg,68.8,0.2705,0.2809,0.1667,0.4,5,1,False,False
233,frame_0325.jpg,130.0,0.27,0.3241,0.3333,0.04,4,2,False,False
234,frame_0109.jpg,43.6,0.2682,0.3045,0.3333,0.08,6,2,False,False
235,frame_0311.jpg,124.4,0.2673,0.4185,0.1667,0.04,2,1,False,False
236,frame_0393.jpg,157.2,0.2669,0.4177,0.1667,0.04,3,1,False,False
237,frame_0197.jpg,78.8,0.2665,0.273,0.1667,0.4,2,1,False,False
238,frame_0191.jpg,76.4,0.2653,0.3665,0.1667,0.16,2,1,False,False
239,frame_0188.jpg,75.2,0.2645,0.4129,0.1667,0.04,6,1,False,False
240,frame_0112.jpg,44.8,0.2446,0.4092,0.0,0.2,4,0,False,False
241,frame_0372.jpg,148.8,0.2436,0.3391,0.1667,0.12,6,1,False,False
242,frame_0212.jpg,84.8,0.2394,0.2388,0.0,0.6,1,0,False,False
243,frame_0223.jpg,89.2,0.2278,0.2916,0.1667,0.16,6,1,False,False
244,frame_0322.jpg,128.8,0.2262,0.2884,0.1667,0.16,6,1,False,False
245,frame_0206.jpg,82.4,0.2246,0.1451,0.0,0.76,3,0,False,False
246,frame_0323.jpg,129.2,0.2225,0.3971,0.0,0.12,3,0,False,False
247,frame_0213.jpg,85.2,0.2217,0.2193,0.0,0.56,3,0,False,False
248,frame_0092.jpg,36.8,0.2186,0.2252,0.1667,0.28,3,1,False,False
249,frame_0190.jpg,76.0,0.214,0.28,0.1667,0.12,3,1,False,False
250,frame_0324.jpg,129.6,0.2131,0.2941,0.1667,0.08,3,1,False,False
251,frame_0102.jpg,40.8,0.2024,0.3568,0.0,0.12,4,0,False,False
252,frame_0119.jpg,47.6,0.1966,0.2012,0.0,0.48,3,0,False,False
253,frame_0101.jpg,40.4,0.1939,0.3558,0.0,0.08,5,0,False,False
254,frame_0382.jpg,152.8,0.1886,0.2452,0.1667,0.08,5,1,False,False
255,frame_0110.jpg,44.0,0.1785,0.2089,0.1667,0.12,4,1,False,False
256,frame_0199.jpg,79.6,0.1577,0.1234,0.0,0.48,1,0,False,False
